Rank,Title,Genre,Author,Synopsis,Volume,Rating,Status
1,Berserk,"Action, Adventure, Demons, Drama, Fantasy, Horror, Supernatural, Military, Psychological, Seinen",Arakawa Hiromu,"Guts, a former mercenary now known as the ""Black Swordsman,"" is out for revenge. After a tumultuous childhood, he finally finds someone he respects and believes he can trust, only to have everything fall apart when this person takes away everything important to Guts for the purpose of fulfilling his own desires. Now marked for death, Guts becomes condemned to a fate in which he is relentlessly pursued by demonic beings.

Setting out on a dreadful quest riddled with misfortune, Guts, armed with a massive sword and monstrous strength, will let nothing stop him, not even death itself, until he is finally able to take the head of the one who stripped him?and his loved one?of their humanity.",40,9.38,Publishing
2,One Piece,"Action, Adventure, Comedy, Fantasy, Shounen, Super Power",Oda Eiichiro,"Gol D. Roger, a man referred to as the ""Pirate King,"" is set to be executed by the World Government. But just before his demise, he confirms the existence of a great treasure, One Piece, located somewhere within the vast ocean known as the Grand Line. Announcing that One Piece can be claimed by anyone worthy enough to reach it, the Pirate King is executed and the Great Age of Pirates begins.

Twenty-two years later, a young man by the name of Monkey D. Luffy is ready to embark on his own adventure, searching for One Piece and striving to become the new Pirate King. Armed with just a straw hat, a small boat, and an elastic body, he sets out on a fantastic journey to gather his own crew and a worthy ship that will take them across the Grand Line to claim the greatest status on the high seas.",99,9.15,Publishing
3,Fullmetal Alchemist,"Action, Adventure, Comedy, Drama, Shounen, Military",Arakawa Hiromu,"Alchemists are knowledgeable and naturally talented individuals who can manipulate and modify matter due to their art. Yet despite the wide range of possibilities, alchemy is not as all-powerful as most would believe. Human transmutation is strictly forbidden, and whoever attempts it risks severe consequences. Even so, siblings Edward and Alphonse Elric decide to ignore this great taboo and bring their mother back to life. Unfortunately, not only do they fail in resurrecting her, they also pay an extremely high price for their arrogance: Edward loses his left leg and Alphonse his entire body. Furthermore, Edward also gives up his right arm in order to seal his brother's soul into a suit of armor.

Years later, the young alchemists travel across the country looking for the Philosopher's Stone, in the hopes of recovering their old bodies with its power. However, their quest for the fated stone also leads them to unravel far darker secrets than they could ever imagine.",27,9.08,Finished
4,Grand Blue,"Comedy, Slice of Life, Seinen","Inoue Kenji, Yoshioka, Kimitake","Among the seaside town of Izu's ocean waves and rays of shining sun, Iori Kitahara is just beginning his freshman year at Izu University. As he moves into his uncle's scuba diving shop, Grand Blue, he eagerly anticipates his dream college life, filled with beautiful girls and good friends.

But things don't exactly go according to plan. Upon entering the shop, he encounters a group of rowdy, naked upperclassmen, who immediately coerce him into participating in their alcoholic activities. Though unwilling at first, Iori quickly gives in and becomes the heart and soul of the party. Unfortunately, this earns him the scorn of his cousin, Chisa Kotegawa, who walks in at precisely the wrong time. Undeterred, Iori still vows to realize his ideal college life, but will things go according to plan this time, or will his situation take yet another dive?",66,9.04,Publishing
5,Slam Dunk,"Comedy, Drama, School, Shounen, Sports",Inoue Takehiko,"Hanamichi Sakuragi, a tall, boisterous teenager with flame-red hair and physical strength beyond his years, is eager to put an end to his rejection streak of 50 and finally score a girlfriend as he begins his first year of Shohoku High. However, his reputation for delinquency and destructiveness precedes him, and most of his fellow students subsequently avoid him like the plague. As his first day of school ends, he is left with two strong thoughts: ""I hate basketball"" and ""I need a girlfriend.""

Haruko Akagi, ignorant of Hanamichi's history of misbehavior, notices his immense height and unwittingly approaches him, asking whether or not he likes basketball. Overcome by the fact that a girl is speaking to him, the red-haired giant blurts out a yes despite his true feelings. At the gym, Haruko asks if he can do a slam dunk. Though a complete novice, Hanamachi palms the ball and makes the leap...but overshoots, slamming his head into the backboard. Amazed by his near-inhuman physical abilities, Haruko quickly notifies the school's basketball captain of his feat. With this, Hanamichi is unexpectedly thrust into a world of competition for a girl he barely knows, but he soon discovers that there is perhaps more to basketball than he once thought.",31,9.02,Finished
6,Vinland Saga,"Action, Adventure, Drama, Historical, Seinen",Yukimura Makoto,"Thorfinn, son of one of the Vikings' greatest warriors, is among the finest fighters in the merry band of mercenaries run by the cunning Askeladd, an impressive feat for a person his age. However, Thorfinn is not part of the group for the plunder it entails?instead, for having caused his family great tragedy, the boy has vowed to kill Askeladd in a fair duel. Not yet skilled enough to defeat him, but unable to abandon his vengeance, Thorfinn spends his boyhood with the mercenary crew, honing his skills on the battlefield among the war-loving Danes, where killing is just another pleasure of life.

One day, when Askeladd receives word that Danish prince Canute has been taken hostage, he hatches an ambitious plot?one that will decide the next King of England and drastically alter the lives of Thorfinn, Canute, and himself. Set in 11th century Europe, Vinland Saga tells a bloody epic in an era where violence, madness, and injustice are inescapable, providing a paradise for the battle-crazed and utter hell for the rest who live in it.",24,8.94,Publishing
7,Haikyuu!!,"Comedy, Drama, School, Shounen, Sports",Furudate Haruichi ,"The whistle blows. The ball is up. A dig. A set. A spike.

Volleyball. A sport where two teams face off, separated by a formidable, wall-like net.

The ""Little Giant,"" standing at only 170 cm, overcomes the towering net and the wall of blockers. The awe-inspired Shouyou Hinata looks on at the ace's crow-like figure. Determined to reach great heights like the Little Giant, small-statured Hinata finally manages to form a team in his last year of junior high school, and enters his first volleyball tournament. However, his team is utterly defeated in their first game against the powerhouse school Kitagawa Daiichi, led by the genius, but oppressive setter dubbed the ""King of the Court,"" Tobio Kageyama.

Hinata enrolls into Karasuno High School seeking to take revenge against Kageyama in an official high school match and to follow in the Little Giant's footsteps?but his plans are ruined when he opens the gymnasium door to find Kageyama as one of his teammates.

Now, Hinata must establish himself on the team and work alongside the problematic Kageyama to overcome his shortcomings and to fulfill his dream of making it to the top of the high school volleyball world.",45,8.9,Finished
8,GTO,"Action, Comedy, Drama, School, Shounen",Fujisawa Tohru,"Great Teacher Onizuka follows the incredible, though often ridiculous, antics of the titular teacher as he attempts to outwit and win over the cunning Class 3-4 that is determined to have him removed from the school. However, other obstacles present themselves throughout?including the frustrated, balding vice principal, Hiroshi Uchiyamada; old enemies from his biker days; and his own idiotic teaching methods. But Eikichi fights it all whilst trying to help his students, romance fellow teacher Azusa Fuyutsuki, and earn his self-proclaimed title.",25,8.89,Finished
9,3-gatsu no Lion,"Drama, Game, Slice of Life, Seinen",Umino Chika,"Rei Kiriyama is an extraordinary shogi player. Among the few elites to have gone professional as a middle school student, he is considered a genius. But what lies behind his prodigious facade is a teenage boy who suffers immense pressure from both his family, and from the high expectations from the shogi community. Rei moves out to live a more independent life away from his family, but his unorganized lifestyle and unsociable personality show no signs of improvement.

However, in a twist of fate that will prove to be a turning point in his life, Rei then encounters the Kawamoto sisters?the motherly Akari, the passionate Hinata, and the energetic Momo?who take great care of him. 3-gatsu no Lion tells the story of Rei as he reshapes his melancholic life and picks up the courage to begin facing the problems he evaded during his past.",15,8.89,Publishing
10,Koe no Katachi,"Drama, School, Shounen",Ooima Yoshitoki,"Shouya Ishida, a boy always looking for ways to beat boredom, ends up looking for it in the wrong place. Weirded out by his new classmate, a deaf transfer student named Shouko Nishimiya, he deems her as the target of his ostracizing and bullying. Day after day, Shouya picks on Shouko, unaware of the effects of his thoughtless actions. He finally understands the pain he has inflicted on her when one day, his bullying culminates in her leaving the school, and his classmates begin to shun and harass him every chance they get instead. Determined to right his wrongs, five years later, Shouya, now a third year high school loner, meets Shouko again. Thus begins the story of a young man's path to redemption.",7,8.86,Finished
11,Made in Abyss,"Adventure, Drama, Fantasy, Sci-Fi",Tsukushi Akihito ,"The Abyss, a hole of unprecedented depth?one young girl and a robot brave its dangers to find the truth.

The town of Orth is a special one, as it is built around the edges of the massive Abyss, a wonder which has never been fully explored. Those who venture too far down never return, but those brave enough to traverse its territories are known as ""Cave Raiders"" and are heralded as legends. Within this town lives a young girl called Riko, the child of one of the most famous Cave Raiders of all time who disappeared on an expedition many years ago.

One day, Riko's life changes when she meets a strange robot called Regu, who seems to appear from within the Abyss. Believing this to be a sign from her mother stuck at the bottom of the Abyss, Riko descends into its depths with Regu, ready to confront all the dangers within it.",10,8.83,Publishing
12,Mushishi,"Mystery, Fantasy, Historical, Supernatural, Seinen",Urushibara Yuki ,"""Mushi"": the most basic forms of life in the world. They exist without any goals or purposes aside from simply ""being."" They are beyond the shackles of the words ""good"" and ""evil."" Mushi can exist in countless forms and are capable of mimicking things from the natural world such as plants, diseases, and even phenomena like rainbows.

This is, however, just a vague definition of these entities that inhabit the vibrant world of Mushishi, as to even call them a form of life would be an oversimplification. Detailed information on mushi is scarce because the majority of humans are unaware of their existence.

So what are mushi and why do they exist? This is the question that a ""Mushishi,"" Ginko, ponders constantly. Mushishi are those who research mushi in hopes of understanding their place in the world's hierarchy of life.

Ginko relentlessly chases rumors of occurrences that could be tied to mushi, all for the sake of finding an answer.

It could, after all, lead to the meaning of life itself.",10,8.76,Finished
13,One Punch-Man,"Action, Comedy, Parody, Sci-Fi, Super Power, Supernatural"," Murata Yusuke , ONE ","After rigorously training for three years, the ordinary Saitama has gained immense strength which allows him to take out anyone and anything with just one punch. He decides to put his new skill to good use by becoming a hero. However, he quickly becomes bored with easily defeating monsters, and wants someone to give him a challenge to bring back the spark of being a hero.

Upon bearing witness to Saitama's amazing power, Genos, a cyborg, is determined to become Saitama's apprentice. During this time, Saitama realizes he is neither getting the recognition that he deserves nor known by the people due to him not being a part of the Hero Association. Wanting to boost his reputation, Saitama decides to have Genos register with him, in exchange for taking him in as a pupil. Together, the two begin working their way up toward becoming true heroes, hoping to find strong enemies and earn respect in the process.",23,8.73,Publishing
14,Death Note,"Mystery, Drama, Shounen, Supernatural, Psychological","Obata Takeshi, Ohba Tsugumi","Ryuk, a god of death, drops his Death Note into the human world for personal pleasure. In Japan, prodigious high school student Light Yagami stumbles upon it. Inside the notebook, he finds a chilling message: those whose names are written in it shall die. Its nonsensical nature amuses Light; but when he tests its power by writing the name of a criminal in it, they suddenly meet their demise.

Realizing the Death Note's vast potential, Light commences a series of nefarious murders under the pseudonym ""Kira,"" vowing to cleanse the world of corrupt individuals and create a perfect society where crime ceases to exist. However, the police quickly catch on, and they enlist the help of L?a mastermind detective?to uncover the culprit.

Death Note tells the thrilling tale of Light and L as they clash in a great battle-of-minds, one that will determine the future of the world.",12,8.72,Finished
15,Akira,"Action, Sci-Fi, Seinen",otomo Katsuhiro,"1988: It is World War III. Tokyo is decimated by a mysterious black explosion, unmatched in magnitude.

2019: Fast forward 31 years. Neo-Tokyo, hastily built on the ruins of old Tokyo, is a sprawling cityscape of neon extravaganza. It is a fusion of towering skyscrapers and cutting-edge technology that is permeated through and through with an explosive, hyper-violent cocktail of biker gangs, poverty, and revolutionaries. In this derelict metropolis live Tetsuo Shima and Shoutarou Kaneda, two bikers who are the best of friends and the fiercest of rivals, despite being affiliated with the same gang. Desperate to prove himself as Kaneda's equal, Tetsuo unwittingly pulls a stunt that culminates in the awakening of a cryptic existence that threatens to change both the face of Neo-Tokyo and the lives of those who call the city their home?the awakening of a government secret simply known as Akira.",6,8.71,Finished
16,Tokyo Revengers,"Action, School, Shounen","Wakui, Ken","Takemichi Hanagaki's life is at an all-time low. Just when he thought it couldn't get worse, he finds out that Hinata Tachibana, his ex-girlfriend, was murdered by the Tokyo Manji Gang: a group of vicious criminals that has been disturbing society's peace for quite some time.

Wondering where it all went wrong, Takemichi suddenly finds himself travelling through time, ending up 12 years in the past?when he was still in a relationship with Hinata. Realizing he has a chance to save her, Takemichi resolves to infiltrate the Tokyo Manji Gang and climb the ranks in order to rewrite the future and save Hinata from her tragic fate.",23,8.7,Publishing
17,Shoujo Shuumatsu Ryokou,"Adventure, Slice of Life",Tsukumizu ,"Amidst a post-apocalyptic world, Chito and Yuuri seem to be the final survivors of the war that brought civilization to its demise. No longer having a place to live, the girls roam around the city on their half-track motorcycle, ever in search of resources to sustain their vagabond lifestyle. Despite the bleak future ahead of them, the duo still finds ways to entertain themselves throughout this melancholic journey.

Shoujo Shuumatsu Ryokou takes place in a barren world during the harsh winter season. As the happy-go-lucky Yuuri and the serious Chito hopelessly search for a sign of civilization, their expedition may in fact become humanity's last tour.",6,8.69,Finished
18,Hunter x Hunter,"Action, Adventure, Fantasy, Shounen, Super Power","Togashi, Yoshihiro","""Secret treasure hoards, undiscovered wealth... mystical places, unexplored frontiers... 'The mysterious unknown.' There's magic in such words for those captivated by its spell. They are called 'Hunters'!""

Gon Freecss wants to become a Hunter so he can find his father, a man who abandoned him to pursue a life of adventure. But it's not that simple: only one in one hundred thousand can pass the Hunter Exam, and that is just the first obstacle on his journey. During the Hunter Exam, Gon befriends many other potential Hunters, such as the mysterious Killua; the revenge-driven Kurapika; and Leorio, who aims to become a doctor. There's a world of adventure and peril awaiting, and those who embrace it with open arms can become the greatest Hunters of them all!",36,8.68,Publishing
19,Beck,"Comedy, Drama, Music, Romance, Shounen, Slice of Life",Sakuishi Harold,"Yukio ""Koyuki"" Tanaka wasted away his middle school days listening to Japanese pop music and apathetically trudging through life?until a casual run-in with the enigmatic guitarist Ryuusuke ""Ray"" Minami. Through this encounter, Koyuki realizes what he has been missing all this time as Ray introduces him to western rock music and jumpstarts his desire to play guitar.

Although various struggles plague his path to rock fame, Koyuki refuses to abandon the passion that gave his life purpose, balancing it together with school, work, and friends. Beck tells the story of the love and trial that accompanies pursuing a professional career in music as Koyuki and Ray work toward realizing the guitarist's dream of the ultimate band.",34,8.68,Finished
20,ReLIFE,"Comedy, Drama, Romance, School, Slice of Life","Yayoi, Sou","When the responsibilities of being an adult and the ugly side of corporate bullying betrays one's childhood dreams, many would wish to return to their innocent childhood to relive their life and make the right decisions. Dumbfounded by the offer presented to him, 27-year-old Arata Kaizaki hopes to turn his life around through a once-in-a-lifetime opportunity.

Returning home from his part-time job, Arata is persuaded by Ryou Yoake, an employee of ReLife Research Institute, into participating in an experiment which will help him overcome his difficulties and re-enter corporate life. As part of the ReLife experiment, Arata's physique is reverted to that of a 17-year-old, and all he must do is relive his high school life for one year. Waiting for him at the end of the experiment is a job offer that he has been struggling to get ever since he left his first company.

With few other options, he decides to go along with this plan. However, with adult-like tendencies and many years since his last formal education, Arata steps into an unexpectedly challenging territory?a normal day of high school.",15,8.67,Finished
21,Blue Period,"Drama, School, Seinen",Yamaguchi Tsubasa ,"Second-year high school student Yatora Yaguchi is bored with his normal life. He studies well and plays around with his friends, but in truth, he does not enjoy either of those activities. Bound by norms, he secretly envies those who do things differently.

That is until he discovers the joy of drawing. When he sees a painting made by a member of the Art Club, Yatora becomes fascinated with the colors used in it. Later, in an art exercise, he tries to convey his language without words but instead through painting. After that experience, Yatora finds himself so invested in art that he decides that it is what he wants to do for a living. But there stand multiple obstacles in his way: his parents who are hesitant over his unique choices, his more experienced peers, and the study of a subject much deeper than he initially expected.",10,8.66,Publishing
22,Chainsaw Man,"Action, Adventure, Demons, Shounen",Fujimoto Tatsuki,"Denji has a simple dream?to live a happy and peaceful life, spending time with a girl he likes. This is a far cry from reality, however, as Denji is forced by the yakuza into killing devils in order to pay off his crushing debts. Using his pet devil Pochita as a weapon, he is ready to do anything for a bit of cash.

Unfortunately, he has outlived his usefulness and is murdered by a devil in contract with the yakuza. However, in an unexpected turn of events, Pochita merges with Denji's dead body and grants him the powers of a chainsaw devil. Now able to transform parts of his body into chainsaws, a revived Denji uses his new abilities to quickly and brutally dispatch his enemies. Catching the eye of the official devil hunters who arrive at the scene, he is offered work at the Public Safety Bureau as one of them. Now with the means to face even the toughest of enemies, Denji will stop at nothing to achieve his simple teenage dreams.",11,8.66,Finished
23,Dorohedoro,"Action, Comedy, Fantasy, Horror, Seinen",Hayashida Q,"Hole?a dark, decrepit, and disorderly district where the strong prey on the weak and death is an ordinary occurrence?is all but befitting of the name given to it. A realm separated from law and ethics, it is a testing ground to the magic users who dominate it. As a race occupying the highest rungs of their society, the magic users think of the denizens of Hole as no more than insects. Murdered, mutilated, and made experiments without a second thought, the powerless Hole dwellers litter the halls of Hole's hospital on a daily basis.

Possessing free access to and from the cesspool, and with little challenge to their authority, the magic users appear indomitable to most?aside for a few. Caiman, more reptile than man, is one such individual. He hunts them on a heedless quest for answers with only a trusted pair of bayonets and his immunity to magic. Cursed by his appearance and tormented by nightmares, magic users are his only clue to restoring his life to normal. With his biggest obstacle being his stomach, his female companion Nikaidou, who runs the restaurant Hungry Bug, is his greatest ally.

Set in a gritty world of hellish design, Dorohedoro manages a healthy blend of comedy and lightheartedness with death and carnage. Taking plenty of twists and turns while following the lives of Hole's residents, it weaves a unique world of unearthly origin and dreary appearance not for the squeamish or easily disturbed.",23,8.65,Finished
24,Banana Fish,"Action, Adventure, Drama, Shoujo","Yoshida, Akimi","Ash Lynx is a beauty, a genius?and a murderer. Since childhood, he had been in the care of Dino ""Papa"" Golzine, the mafia boss who turned him into the ruthless killer he is now. At first, Ash was just a pretty face for Golzine?s pleasure, but now estranged from him, a 17-year-old Ash runs his own gang with an iron fist.

Eiji Okumura is a young Japanese photographer. Traveling to New York as an assistant, Eiji is set to work on a report about kids living in the streets. There, he meets teenage gang leader Ash and is mesmerized by the boy?who in turn is curious about Eiji's different lifestyle.

But this is the dark underground of New York, and recently a series of murders has surfaced in the city, connected only by the words ""Banana Fish."" With personal stakes in this mysterious battle, it is up to Ash, Eiji and their allies to discover what exactly ""Banana Fish"" is, where it came from and how to get rid of it?before the world as they know it descends into chaos.",19,8.64,Finished
25,Sousou no Frieren,"Adventure, Fantasy, Shounen",Yamada Kanehito,"The demon king has been defeated, and the victorious hero party returns home before disbanding. The four?mage Frieren, hero Himmel, priest Heiter, and warrior Eisen?reminisce about their decade-long journey as the moment to bid each other farewell arrives. But the passing of time is different for elves, thus Frieren witnesses her companions slowly pass away one by one.

Before his death, Heiter manages to foist a young human apprentice called Fern onto Frieren. Driven by the elf's passion for collecting a myriad of magic spells, the pair embarks on a seemingly aimless journey, revisiting the places that the heroes of yore had visited. Along their travels, Frieren slowly confronts her regrets of missed opportunities to form deeper bonds with her now-deceased comrades.",5,8.63,Publishing
26,Aria,"Adventure, Comedy, Drama, Sci-Fi, Shounen, Slice of Life",Amano Kozue ,"In the distant future, humanity has terraformed Mars into an oceanic planet to suit their needs. Now known as Aqua, the planet serves as a new home for people discontent with living on Manhome?the planet formerly known as Earth. Being a perfect imitation of Manhome's Venice, the town of Neo-Venezia has inherited all of the rustic charms of the original. Gondolas weave their way through the waterways of the dreamy town while nostalgic alleys await those who travel on foot.

Akari Mizunashi, a young Manhome native, has recently made Neo-Venezia her new home. To pursue her dream of becoming a gondolier tour guide?or Undine?Akari joins the Aria Company, one of the most renowned water guide companies in town. As she basks in a simple lifestyle unavailable on Manhome, Akari cheerily ambles through her daily life in Neo-Venezia: the town where magic and miracles abound.
",12,8.63,Finished
27,Shigatsu wa Kimi no Uso,"Drama, Music, Romance, School, Shounen","Arakawa, Naoshi","At a very young age, Kousei Arima was strictly taught how to play the piano and meticulously follow the score by his mother, to the point where he dominated every competition he entered with ease. He earned the title of ""Human Metronome"" for performing almost perfectly. Every musician of his age looked up to him. However, after his mother suddenly dies, he became tone-deaf due to the shock and then disappeared, never to be seen onstage since.

Two years later, Kousei lives a monotonous life with his childhood friends Tsubaki Sawabe and Ryouta Watari supporting him. He continues to cling to music, although performing is still an impossibility for him. This is until his unexpected encounter with Kaori Miyazono, a violinist who performs freely without the dictations of a score. A story of friendship, love, music, and a single lie, Kousei's life begins to change and gain color as Kaori helps him to take up music again.",11,8.62,Finished
28,Mob Psycho 100,"Action, Comedy, Super Power, Supernatural",ONE,"Shigeo ""Mob"" Kageyama is an eighth-grade student blessed with extraordinary psychic powers. However, Mob decides to suppress his abilities in public due to its destructive and conspicuous nature. To keep his psychic powers honed, he works under Arataka Reigen?a self-proclaimed esper looking to make use of Mob's skills.

Alongside Reigen, Mob spends his days exorcising evil spirits at Reigen's behest. With the simple wish to impress his childhood friend Tsubomi Takane, Mob works toward making himself more desirable. But troubles keep on bombarding his daily life, slowly breaking his shackled feelings. With his repressed emotions welling up, there's no telling what will happen once he reaches his limit.",16,8.6,Finished
29,Shingeki no Kyojin,"Action, Mystery, Drama, Fantasy, Shounen, Super Power, Military",Isayama Hajime ,"Hundreds of years ago, horrifying creatures which resembled humans appeared. These mindless, towering giants, called ""titans,"" proved to be an existential threat, as they preyed on whatever humans they could find in order to satisfy a seemingly unending appetite. Unable to effectively combat the titans, mankind was forced to barricade themselves within large walls surrounding what may very well be humanity's last safe haven in the world.

In the present day, life within the walls has finally found peace, since the residents have not dealt with titans for many years. Eren Yeager, Mikasa Ackerman, and Armin Arlert are three young children who dream of experiencing all that the world has to offer, having grown up hearing stories of the wonders beyond the walls. But when the state of tranquility is suddenly shattered by the attack of a massive 60-meter titan, they quickly learn just how cruel the world can be. On that day, Eren makes a promise to himself that he will do whatever it takes to eradicate every single titan off the face of the Earth, with the hope that one day, humanity will once again be able to live outside the walls without fear.",34,8.59,Finished
30,Rurouni Kenshin: Meiji Kenkaku Romantan,"Action, Drama, Historical, Samurai, Shounen",Watsuki Nobuhiro,"Ten years have passed since the end of Bakumatsu, an era of war that saw the uprising of citizens against the Tokugawa shogunate. The revolutionaries wanted to create a time of peace, and a thriving country free from oppression. The new age of Meiji has come, but peace has not yet been achieved. Swords are banned but people are still murdered in the streets. Orphans of war veterans are left with nowhere to go, while the government seems content to just line their pockets with money.

One wandering samurai, Kenshin Himura, still works to make sure the values he fought for are worth the lives spent to bring about the new era. Once known as Hitokiri Battousai, he was feared as the most ruthless killer of all the revolutionaries. Now haunted by guilt, Kenshin has sworn never to kill again in atonement for the lives he took, and he may never know peace until killing is a thing of the past.

Now in the 11th year of Meiji, Kenshin stumbles upon Kaoru Kamiya, owner and head instructor of a small dojo being threatened to close its doors. The police force is powerless to stop the string of murders done in the name of her dojo by a man claiming to be the famous Battousai. Kenshin's wanderings pause for now as he joins Kaoru to clear both their names. But how long can he stay before his past catches up to him?
",28,8.59,Finished
31,Skip Beat!,"Comedy, Drama, Romance, Shoujo",Nakamura Yoshiki ,"Sixteen-year-old Kyouko Mogami followed her childhood friend and love interest Shoutarou ""Shou"" Fuwa to Tokyo to support him while he works toward his dream of becoming a top idol in the entertainment industry. But after finding out that Shou considers her as little more than a mere housekeeper, she swears to enact revenge by entering the entertainment industry herself and beating him at his own game!

However, Kyouko's revenge plan suffers a setback almost immediately when she is rejected by the talent agency of her choice. Fortunately, the president of the agency gives her a second chance, and places her in the newly made ""Love Me"" section. Kyouko then begins her long journey to stardom, cultivating her skills as an actress and forming relationships with new friends along the way.
",46,8.59,Publishing
32,Gintama,"Action, Comedy, Historical, Parody, Samurai, Sci-Fi, Shounen",Sorachi Hideaki ,"During the Edo period, Japan is suddenly invaded by alien creatures known as the ""Amanto."" Despite the samurai's attempts to combat the extraterrestrial menace, the Shogun soon realizes that their efforts are futile and decides to surrender. This marks the beginning of an uneasy agreement between the Shogunate and Amanto, one that results in a countrywide sword ban and the disappearance of the samurai spirit.

However, there exists one eccentric individual who wields a wooden sword and refuses to let his samurai status die. Now that his kind are no longer needed, Gintoki Sakata performs various odd jobs around town in order to make ends meet. Joined by his self-proclaimed disciple Shinpachi Shimura, the fearsome alien Kagura, and a giant dog named Sadaharu, they run the business known as Yorozuya, often getting caught up in all sorts of crazy and hilarious shenanigans.
",77,8.58,Finished
33,Neon Genesis Evangelion,"Action, Mystery, Drama, Mecha, Sci-Fi, Shounen, Psychological","Sadamoto, Yoshiyuki","In 1999, a meteorite crashed into Antarctica. The impact melted the continental ice mass and drastically raised sea levels, damaging the world's climate and causing the deaths of over half its population. Now in 2015, devastating creatures of unknown origin?referred to as ""Angels""?ravage what remains of the planet.

In the heavily fortified city of Tokyo-3, 14-year-old Shinji Ikari is destined to halt the Angels' onslaught. Recruited by his father's secret organization NERV, Shinji is enlisted as a pilot of an Evangelion, a massive bioorganic android created solely to defeat the Angels.

Suddenly with the weight of the world upon his shoulders, Shinji must find the courage and drive to stand up for the future?and himself. But as skirmishes between the Evangelions and Angels become recurrent, the horrifying truth of the world is slowly revealed.",14,8.55,Finished
34,Jujutsu Kaisen,"Action, Demons, Fantasy, Shounen, Supernatural",Akutami Gege ,"Hidden in plain sight, an age-old conflict rages on. Supernatural monsters known as ""Curses"" terrorize humanity from the shadows, and powerful humans known as ""Jujutsu"" sorcerers use mystical arts to exterminate them. When high school student Yuuji Itadori finds a dried-up finger of the legendary Curse Sukuna Ryoumen, he suddenly finds himself joining this bloody conflict.

Attacked by a Curse attracted to the finger's power, Yuuji makes a reckless decision to protect himself, gaining the power to combat Curses in the process but also unwittingly unleashing the malicious Sukuna into the world once more. Though Yuuji can control and confine Sukuna to his own body, the Jujutsu world classifies Yuuji as a dangerous, high-level Curse who must be exterminated.

Detained and sentenced to death, Yuuji meets Satoru Gojou?a teacher at Jujutsu High School?who explains that despite his imminent execution, there is an alternative for him. Being a rare vessel to Sukuna, if Yuuji were to die, then Sukuna would perish too. Therefore, if Yuuji were to consume the many other remnants of Sukuna, then Yuuji's subsequent execution would truly eradicate the malicious demon. Taking up this chance to make the world safer and live his life for a little longer, Yuuji enrolls in Jujutsu High, jumping headfirst into a harsh and unforgiving battlefield.",16,8.53,Publishing
35,Tokyo Ghoul,"Action, Mystery, Drama, Horror, Supernatural, Psychological, Seinen",Ishida Sui,"Lurking within the shadows of Tokyo are frightening beings known as ""ghouls,"" who satisfy their hunger by feeding on humans once night falls. An organization known as the Commission of Counter Ghoul (CCG) has been established in response to the constant attacks on citizens and as a means of purging these creatures. However, the problem lies in identifying ghouls as they disguise themselves as humans, living amongst the masses so that hunting prey will be easier. Ken Kaneki, an unsuspecting university freshman, finds himself caught in a world between humans and ghouls when his date turns out to be a ghoul after his flesh.

Barely surviving this encounter after being taken to a hospital, he discovers that he has turned into a half-ghoul as a result of the surgery he received. Unable to satisfy his intense craving for human meat through conventional means, Kaneki is taken in by friendly ghouls who run a coffee shop in order to help him with his transition. As he begins what he thinks will be a peaceful new life, little does he know that he is about to find himself at the center of a war between his new comrades and the forces of the CCG, and that his new existence has caught the attention of ghouls all over Tokyo.
",14,8.52,Finished
36,Golden Kamuy,"Action, Adventure, Historical, Seinen",Noda Satoru,"Saichi Sugimoto is feared as the ""Immortal Sugimoto"" for his savagery on the battlefield during the Russo-Japanese war, but he is by no means a war hero. Sugimoto has been left to fend for himself after his release from the army for nearly killing a superior officer. Braving the rough terrain of Hokkaido, Sugimoto is now searching for gold in order to keep a promise to his lost brother-in-arms. His efforts have been fruitless for a long time until a mysterious traveler tells him of an urban legend that would rid him of all his troubles.

According to the legend, a criminal stole the gold of the Ainu, the indigenous people of Hokkaido, and hid it away in a location that can only be found when a map?made not from pieces of parchment, but the tattooed skins of escaped convicts?is brought together.

Upon meeting with a young Ainu girl, Asirpa, Sugimoto sets off in search of the tattooed prisoners, but many dangers await as soldiers and mercenaries seek the gold as well. Aided by Asirpa?s knowledge of the lands, the two of them depart to find the stolen Ainu gold in a journey of revenge, murder, and greed.",26,8.52,Publishing
37,Fruit Basket,"Comedy, Drama, Romance, School, Shoujo, Supernatural",Takaya Natsuki,"Tooru Honda is an orphan with nowhere to go but a tent in the woods, until the Souma family takes her in. However, the Souma family is no ordinary family, and they hide a grave secret: when they are hugged by someone of the opposite gender, they turn into animals from the Chinese Zodiac!

Now, Tooru must help Kyou and Yuki Souma hide their curse from their classmates, as well as her friends Arisa Uotani and Saki Hanajima. As she is drawn further into the mysterious world of the Soumas, she meets more of the family, forging friendships along the way.

But this curse has caused much suffering; it has broken many Soumas. Despite this, Tooru may just be able to heal their hearts and soothe their souls.",23,8.51,Finished
38,Eyeshield 21,"Action, Comedy, Shounen, Sports","Inagaki Riichiro , Murata Yusuke ","Timid, diminutive, and frequently the target of bullies, Sena Kobayakawa has just enrolled at Deimon Private High School. When he angers a group of delinquents by refusing to act as their errand boy, he makes an incredibly speedy getaway, an ability he has developed through years of running from his tormentors.

Youichi Hiruma?the demonic captain of the Deimon Devil Bats football team?happens to be nearby, and seeing Sena's ""golden legs"" at work, forcibly recruits him as a running back despite Sena's desire to be team manager instead. Made to don the number 21 jersey and a special helmet to hide his identity as a player, Sena becomes ""Eyeshield 21,"" the team's closely guarded secret weapon. Soon he realizes his love for the sport, and aims to help the Devil Bats reach the Christmas Bowl, the high school football championship.",37,8.5,Finished
39,Gekkan Shoujo Nozaki-kun,"Comedy, Romance, School",Tsubaki Izumi,"Confessing to your crush is no easy task for any teenager, and it is no different for Chiyo Sakura, who was saved from being late on the first day of school at Roman Academy by Umetarou Nozaki. Touched by his action, Sakura begins to develop feelings toward him.

One fateful day in their second year of high school, Sakura finally musters up the courage to confess. Swallowing her fears, she reveals it to him in a classroom after school. However, unbeknownst to her, Nozaki is actually a praised shoujo manga artist working under the pen name of ""Sakiko Yumeno."" His work is acclaimed for being sensitive toward girls' feelings, but Nozaki himself has no experience with love or being in a relationship.

All this results in him misunderstanding Sakura's confession as nothing but praise from a fan, and he simply hands her his autograph. One misunderstanding leads to another, and she somehow ends up working as an assistant for his manga. Gekkan Shoujo Nozaki-kun follows Sakura as she continually tries to convey her feelings to the oblivious Nozaki while helping him with his manga, as well as meeting his quirky assistants who coincidentally also attend Roman Academy.",12,8.49,Publishing
40,Hinamatsuri,"Comedy, Sci-Fi, Slice of Life, Seinen",Ohtake Masao ,"Yoshifumi Nitta, a mid-level yakuza, finds his life forever changed when a strange capsule appears and rams into his head. Though he believes the curious event to be a dream, he finds the capsule still there the next morning; from within it emerges a young girl. She remembers nothing but her name, Hina, and uses psychokinesis to coerce Yoshifumi into buying her clothes and toys. Unable to get rid of Hina, Yoshifumi reluctantly becomes her guardian.

The pair's peculiar life is just beginning. As Hina lazes around the house, Yoshifumi quickly rises through the ranks of the yakuza with the help of her supernatural abilities. Hinamatsuri follows the comedic duo as Hina drags both new friends and old acquaintances into her antics, while Yoshifumi juggles between taking care of Hina, hiding her powers, and managing the yakuza business.",19,8.49,Finished
41,Horimiya,"Comedy, Romance, School, Shounen, Slice of Life","Hagiwara Daisuke, HERO","Although admired at school for her amiability and academic prowess, high school student Kyouko Hori has been hiding another side of her. With her parents often away from home due to work, Hori has to look after her younger brother and do the housework, leaving no chance to socialize away from school.

Meanwhile, Izumi Miyamura is seen as a brooding, glasses-wearing otaku. However, in reality, he is a gentle person inept at studying. Furthermore, he has nine piercings hidden behind his long hair and a tattoo along his back and left shoulder.

By sheer chance, Hori and Miyamura cross paths outside of school?neither looking as the other expects. These seemingly polar opposites become friends, sharing with each other a side they have never shown to anyone else.",16,8.47,Finished
42,Kimi no Na wa.,"Drama, Romance, School, Supernatural, Seinen","Shinkai Makoto, Kotone, Ranmaru","Mitsuha Miyamizu is a high school girl living in the countryside town of Itomori. She yearns for a life in Tokyo as she is sick of living in the countryside. At the same time, Taki Tachibana, a high school student, lives in Tokyo and has a great interest in architecture, aiming to become an urban planner in the near future.

One day, Mitsuha dreams of herself as a boy living a life in the dense capital, while Taki dreams of living as a girl in the rural town of Itomori. As time passes by, the two discover that these are not just dreams, but that they actually swap bodies upon falling asleep! Kimi no Na wa. revolves around Mitsuha and Taki as they experience the supernatural. With both of them working together to deal with the strange phenomenon, how will this impact their everyday life?",3,8.42,Finished
43,Kiseijuu,"Action, Drama, Horror, Sci-Fi, Psychological, Seinen",Iwaaki Hitoshi,"""Parasites"" are tennis ball sized creatures, whose numbers and origins are unknown. They invade and take over the human mind in order to survive. Shinichi Izumi is a 16-year-old high school student who lives with his parents in a quiet neighborhood. One night, a Parasite invades Shinichi's body in an attempt to take control of it. However, it fails to complete the takeover process and ultimately ends up inhabiting only his right arm.

Thus, both Shinichi and the Parasite?who calls himself Migi?retain their individual minds. Now in a peculiar ""human and alien"" relationship, Migi proposes that they cooperate to survive. Shinichi has no choice but to agree, and he must now cling to his morality as he and Migi face off against other bloodthirsty Parasites.",10,8.4,Finished
44,SKET Dance,"Comedy, Drama, School, Shounen",Shinohara Kenta ,"Kaimei High School is full of eccentric individuals, students, and teachers alike. Amongst the school's many clubs is the SKET Brigade, officially known as the Living Assistance Club. Comprised of the somewhat idiotic Yuusuke ""Bossun"" Fujisaki, the gallant Hime ""Himeko"" Onizuka, and the silent but surprisingly popular Kazuyoshi ""Switch"" Usui, the SKET Brigade is dedicated to solving various problems on campus. However, the club rarely receives requests, so the members spend most of their time messing around with random, trivial matters. Both hilarious and heartwarming, SKET Dance is a lighthearted comedy following the daily high school lives of an odd trio of friends.
",32,8.38,Finished
45,Nichijou,"Comedy, School, Shounen",Arawi Keiichi,"Daily lives of highschoolers may seem a commonplace concept, but that certainly does not apply to the trio at Tokisadame High. For Yuuko Aoi and her two eccentric friends, every day is a unique experience. From stumbling across a wrestling match between the principal and a deer to indulging in a chopstick battle over a sausage?the excitement never ends.

One day, their lives take a turn for the bizarre when they encounter an insecure robot maid, her young excitable creator, and their down-to-earth talking cat. To the people in the world of Nichijou, daily life continues to be an endless roller coaster!",10,8.34,Finished
46,Gin no Saji,"Comedy, Drama, School, Shounen",Arakawa Hiromu,"Yuugo Hachiken has spent every waking moment of his life studying in order to achieve the highest grades in school. Finally cracking under the pressure of his parents' expectations for success, Yuugo decides to leave his city life and enroll in the rural Ooezo Agricultural High School. However, he has absolutely no experience with farming!

Attempting to utilize the skills he has built through studying, Yuugo begins to pursue the true meaning of having a dream and perhaps discover his own along the way. But life is not as simple as it seems to be, and Yuugo must learn that hardship may appear when you least expect it.
",15,8.33,Finished
47,Beastars,"Drama, Shounen, Slice of Life, Psychological",Itagaki Paru,"In a world populated by anthropomorphic animals, there exists a bias: carnivores are just mindless predators in the eyes of many herbivores. However, when an alpaca named Tem is murdered within the walls of Cherryton High School, the fear toward carnivores skyrockets to an all-time high.

Legoshi, a student at this school, is a gray wolf who is quite awkward despite his fearsome appearance. When turmoil affects his school life, he is forced to confront the divide between herbivores and carnivores, as well as his own place in this society. This is further complicated by his supposedly romantic feelings toward a herbivore, which might not be what they seem.

Beastars details Legoshi's struggles against his inner demons while living in a society that is unforgiving toward his kind.",22,8.33,Finished
48,Kimetsu no Yaiba,"Action, Demons, Historical, Shounen, Supernatural",Gotouge Koyoharu ,"Tanjirou Kamado lives with his impoverished family on a remote mountain. As the oldest sibling, he took upon the responsibility of ensuring his family's livelihood after the death of his father. On a cold winter day, he goes down to the local village in order to sell some charcoal. As dusk falls, he is forced to spend the night in the house of a curious man who cautions him of strange creatures that roam the night: malevolent demons who crave human flesh.

When he finally makes his way home, Tanjirou's worst nightmare comes true. His entire family has been brutally slaughtered with the sole exception of his sister Nezuko, who has turned into a flesh-eating demon. Engulfed in hatred and despair, Tanjirou desperately tries to stop Nezuko from attacking other people, setting out on a journey to avenge his family and find a way to turn his beloved sister back into a human.
",23,8.28,Finished
49,Black Lagoon,"Action, Drama, Military, Seinen",Hiroe Rei ,"The story follows a team of mercenaries known as Lagoon Company, who smuggle goods in and around the seas of Southeast Asia. Their base of operations is located in the fictional city of Roanapur in Thailand, and they transport goods in the PT boat Black Lagoon. Lagoon Company does business with various clients, but has a particularly friendly relationship with the Russian crime syndicate Hotel Moscow. The team takes on a variety of missions?which may involve violent firefights, hand-to-hand combat, and nautical battles?in various Southeast Asian locations.",11,8.27,Publishing
50,Sounan desu ka?,"Adventure, Comedy, Seinen","Sagara Riri, Okamoto Kentarou",Four girls are stranded on a deserted island after surviving a plane crash. How can they survive?,7,7.26,Publishing
51,Hajime no Ippo,"Action, Comedy, Drama, Shounen, Sports"," Morikawa, George","Makunouchi Ippo is a 16-year-old high school student who helps his mother run the family business. His hefty workload impedes on his social life, making him an easy target for bullies. One day, while being beaten up by a group of high school students, Ippo is saved by a boxer named Mamoru Takamura, and is brought to the Kamogawa Boxing Gym.",130,8.68,Publishing
